Site,Country,ProductsScraped,Note
abraa.com,Austria,2,"33 products, 0 prices visible — needs Art's business account to fetch true B2B price"
akmobilestore.com,Ireland,8,"phrase: ""login to see"" — needs Art's business account to fetch true B2B price"
borcaden.nl,Netherlands,2,"12 products, 1 prices visible — needs Art's business account to fetch true B2B price"
cdx.de,Germany,0,"116 products, 0 prices visible — needs Art's business account to fetch true B2B price"
cellparts.cz,Czechia,2,"23 products, 0 prices visible — needs Art's business account to fetch true B2B price"
dutchspares.com,Netherlands,0,"106 products, 1 prices visible — needs Art's business account to fetch true B2B price"
fixstore.hu,Hungary,8,"98 products, 0 prices visible — needs Art's business account to fetch true B2B price"
foneday.shop,Netherlands,0,"60 products, 0 prices visible — needs Art's business account to fetch true B2B price"
fonix.at,Austria,7,"phrase: ""einloggen"" — needs Art's business account to fetch true B2B price"
gsmteam.gr,Greece,3,"102 products, 1 prices visible — needs Art's business account to fetch true B2B price"
hlcwholesale.com,USA,0,"phrase: ""login to see"" — needs Art's business account to fetch true B2B price"
ingrosmart.it,Italy,0,"47 products, 1 prices visible — needs Art's business account to fetch true B2B price"
ioutlet.ee,Estonia,31,"phrase: ""logi sisse"" — needs Art's business account to fetch true B2B price"
iparts-4u.co.uk,UK,27,"196 products, 1 prices visible — needs Art's business account to fetch true B2B price"
ipfix.dk,Denmark,5,"347 products, 0 prices visible — needs Art's business account to fetch true B2B price"
iswap.cz,Czechia,3,"99 products, 0 prices visible — needs Art's business account to fetch true B2B price"
jensmobiles.fr,France,0,"11 products, 0 prices visible — needs Art's business account to fetch true B2B price"
lemes.cz,Czechia,2,"35 products, 0 prices visible — needs Art's business account to fetch true B2B price"
lemes.hu,Hungary,1,"48 products, 0 prices visible — needs Art's business account to fetch true B2B price"
miwo.it,Italy,0,"141 products, 0 prices visible — needs Art's business account to fetch true B2B price"
mobilefix.cz,Czechia,1,"221 products, 0 prices visible — needs Art's business account to fetch true B2B price"
mobilnidily.cz,Czechia,2,"54 products, 0 prices visible — needs Art's business account to fetch true B2B price"
mobiodistribution.co.uk,UK,0,"phrase: ""login for price"" — needs Art's business account to fetch true B2B price"
mobishop.ee,Estonia,32,"phrase: ""logi sisse"" — needs Art's business account to fetch true B2B price"
modchip.gr,Greece,5,"79 products, 0 prices visible — needs Art's business account to fetch true B2B price"
movil.gr,Greece,4,"37 products, 1 prices visible — needs Art's business account to fetch true B2B price"
mypart.fr,France,0,"211 products, 1 prices visible — needs Art's business account to fetch true B2B price"
nordviks.se,Denmark,2,"100 products, 0 prices visible — needs Art's business account to fetch true B2B price"
parts4phone.com,France,1,"14 products, 0 prices visible — needs Art's business account to fetch true B2B price"
phonepartsbg.com,Bulgaria,8,"92 products, 0 prices visible — needs Art's business account to fetch true B2B price"
ptmobil.cz,Czechia,1,"11 products, 0 prices visible — needs Art's business account to fetch true B2B price"
servisnidily.cz,Czechia,2,"13 products, 0 prices visible — needs Art's business account to fetch true B2B price"
shop.kaputt.de,Germany,0,"94 products, 1 prices visible — needs Art's business account to fetch true B2B price"
shop.rewa.tech,,0,marked login-required — needs Art's business account to fetch true B2B price
sparepart.dk,Denmark,13,"386 products, 1 prices visible — needs Art's business account to fetch true B2B price"
spares.no,Norway,7,"10 products, 1 prices visible — needs Art's business account to fetch true B2B price"
storephone.fr,France,0,"243 products, 0 prices visible — needs Art's business account to fetch true B2B price"
telegiganten.dk,Denmark,0,"27 products, 0 prices visible — needs Art's business account to fetch true B2B price"
touchandscreen.de,Germany,2,"62 products, 1 prices visible — needs Art's business account to fetch true B2B price"
utopya.fr,France,0,"116 products, 0 prices visible — needs Art's business account to fetch true B2B price"
vsekmobilu.cz,Czechia,1,"17 products, 0 prices visible — needs Art's business account to fetch true B2B price"
